<animation>
	<eye>
		<width>1030</width>
		<height>905</height>
		<distance>350</distance>
		<centerX>515</centerX>
		<centerY>521</centerY>
		<duration>0.08</duration>
		<imageList>
			<imageName>hy0001@2x.png</imageName>
			<imageName>hy0002@2x.png</imageName>
			<imageName>hy0003@2x.png</imageName>
			<imageName>hy0004@2x.png</imageName>
			<imageName>hy0005@2x.png</imageName>
			<imageName>hy0006@2x.png</imageName>
			<imageName>hy0007@2x.png</imageName>
			<imageName>hy0008@2x.png</imageName>
			<imageName>hy0009@2x.png</imageName>
			<imageName>hy0010@2x.png</imageName>
			<imageName>hy0011@2x.png</imageName>
			<imageName>hy0012@2x.png</imageName>
			<imageName>hy0013@2x.png</imageName>
			<imageName>hy0014@2x.png</imageName>
			<imageName>hy0015@2x.png</imageName>
			<imageName>hy0016@2x.png</imageName>
			<imageName>hy0017@2x.png</imageName>
			<imageName>hy0018@2x.png</imageName>
			<imageName>hy0019@2x.png</imageName>
			<imageName>hy0020@2x.png</imageName>
			<imageName>hy0021@2x.png</imageName>
			<imageName>hy0022@2x.png</imageName>
			<imageName>hy0023@2x.png</imageName>
			<imageName>hy0024@2x.png</imageName>
			<imageName>hy0025@2x.png</imageName>
			<imageName>hy0026@2x.png</imageName>
			<imageName>hy0027@2x.png</imageName>
			<imageName>hy0028@2x.png</imageName>
			<imageName>hy0029@2x.png</imageName>
			<imageName>hy0030@2x.png</imageName>
			<imageName>hy0031@2x.png</imageName>
			<imageName>hy0032@2x.png</imageName>
			<imageName>hy0033@2x.png</imageName>
			<imageName>hy0034@2x.png</imageName>
			<imageName>hy0035@2x.png</imageName>
			<imageName>hy0036@2x.png</imageName>
			<imageName>hy0037@2x.png</imageName>
		</imageList>
	</eye>	
</animation>