<animation>
	<eye>
		<width>1030</width>
		<height>905</height>
		<distance>234</distance>
		<centerX>515</centerX>
		<centerY>521</centerY>
		<duration>0.08</duration>
		<imageList>
			<imageName>hy0001.png</imageName>
			<imageName>hy0002.png</imageName>
			<imageName>hy0003.png</imageName>
			<imageName>hy0004.png</imageName>
			<imageName>hy0005.png</imageName>
			<imageName>hy0006.png</imageName>
			<imageName>hy0007.png</imageName>
			<imageName>hy0008.png</imageName>
			<imageName>hy0009.png</imageName>
			<imageName>hy0010.png</imageName>
			<imageName>hy0011.png</imageName>
			<imageName>hy0012.png</imageName>
			<imageName>hy0013.png</imageName>
			<imageName>hy0014.png</imageName>
			<imageName>hy0015.png</imageName>
			<imageName>hy0016.png</imageName>
			<imageName>hy0017.png</imageName>
			<imageName>hy0018.png</imageName>
			<imageName>hy0019.png</imageName>
			<imageName>hy0020.png</imageName>
			<imageName>hy0021.png</imageName>
			<imageName>hy0022.png</imageName>
			<imageName>hy0023.png</imageName>
			<imageName>hy0024.png</imageName>
			<imageName>hy0025.png</imageName>
			<imageName>hy0026.png</imageName>
			<imageName>hy0027.png</imageName>
			<imageName>hy0028.png</imageName>
			<imageName>hy0029.png</imageName>
			<imageName>hy0030.png</imageName>
			<imageName>hy0031.png</imageName>
			<imageName>hy0032.png</imageName>
			<imageName>hy0033.png</imageName>
			<imageName>hy0034.png</imageName>
			<imageName>hy0035.png</imageName>
			<imageName>hy0036.png</imageName>
			<imageName>hy0037.png</imageName>
		</imageList>
	</eye>	
</animation>