<animation>
	<eye>
		<width>300</width>
		<height>400</height>
		<distance>90</distance>
		<centerX>150</centerX>
		<centerY>190</centerY>
		<duration>0.08</duration>
		<imageList>
			<imageName>hz0001@2x.png</imageName>
			<imageName>hz0002@2x.png</imageName>
			<imageName>hz0003@2x.png</imageName>
			<imageName>hz0004@2x.png</imageName>
			<imageName>hz0005@2x.png</imageName>
			<imageName>hz0006@2x.png</imageName>
			<imageName>hz0007@2x.png</imageName>
			<imageName>hz0008@2x.png</imageName>
			<imageName>hz0009@2x.png</imageName>
			<imageName>hz0010@2x.png</imageName>
			<imageName>hz0011@2x.png</imageName>
			<imageName>hz0012@2x.png</imageName>
			<imageName>hz0013@2x.png</imageName>
			<imageName>hz0014@2x.png</imageName>
			<imageName>hz0015@2x.png</imageName>
			<imageName>hz0016@2x.png</imageName>
			<imageName>hz0017@2x.png</imageName>
			<imageName>hz0018@2x.png</imageName>
			<imageName>hz0019@2x.png</imageName>
			<imageName>hz0020@2x.png</imageName>
			<imageName>hz0021@2x.png</imageName>
			<imageName>hz0022@2x.png</imageName>
			<imageName>hz0023@2x.png</imageName>
			<imageName>hz0024@2x.png</imageName>
			<imageName>hz0025@2x.png</imageName>
			<imageName>hz0026@2x.png</imageName>
			<imageName>hz0027@2x.png</imageName>
			<imageName>hz0028@2x.png</imageName>
			<imageName>hz0029@2x.png</imageName>
			<imageName>hz0030@2x.png</imageName>
			<imageName>hz0031@2x.png</imageName>
			<imageName>hz0032@2x.png</imageName>
			<imageName>hz0033@2x.png</imageName>
			<imageName>hz0034@2x.png</imageName>
			<imageName>hz0035@2x.png</imageName>
			<imageName>hz0036@2x.png</imageName>
			<imageName>hz0037@2x.png</imageName>
		</imageList>
	</eye>	
	<bottom>
		<width>300</width>
		<height>400</height>
		<duration>0.08</duration>
		<imageList>
			<imageName>hzbj0001@2x.png</imageName>
			<imageName>hzbj0002@2x.png</imageName>
			<imageName>hzbj0003@2x.png</imageName>
			<imageName>hzbj0004@2x.png</imageName>
			<imageName>hzbj0005@2x.png</imageName>
			<imageName>hzbj0006@2x.png</imageName>
			<imageName>hzbj0007@2x.png</imageName>
			<imageName>hzbj0008@2x.png</imageName>
			<imageName>hzbj0009@2x.png</imageName>
			<imageName>hzbj0010@2x.png</imageName>
			<imageName>hzbj0011@2x.png</imageName>
			<imageName>hzbj0012@2x.png</imageName>
			<imageName>hzbj0013@2x.png</imageName>
			<imageName>hzbj0014@2x.png</imageName>
			<imageName>hzbj0015@2x.png</imageName>
			<imageName>hzbj0016@2x.png</imageName>
			<imageName>hzbj0017@2x.png</imageName>
			<imageName>hzbj0018@2x.png</imageName>
			<imageName>hzbj0019@2x.png</imageName>
			<imageName>hzbj0020@2x.png</imageName>
			<imageName>hzbj0021@2x.png</imageName>
			<imageName>hzbj0022@2x.png</imageName>
			<imageName>hzbj0023@2x.png</imageName>
			<imageName>hzbj0024@2x.png</imageName>
			<imageName>hzbj0025@2x.png</imageName>
			<imageName>hzbj0026@2x.png</imageName>
			<imageName>hzbj0027@2x.png</imageName>
			<imageName>hzbj0028@2x.png</imageName>
			<imageName>hzbj0029@2x.png</imageName>
			<imageName>hzbj0030@2x.png</imageName>
			<imageName>hzbj0031@2x.png</imageName>
			<imageName>hzbj0032@2x.png</imageName>
			<imageName>hzbj0033@2x.png</imageName>
			<imageName>hzbj0034@2x.png</imageName>
			<imageName>hzbj0035@2x.png</imageName>
			<imageName>hzbj0036@2x.png</imageName>
			<imageName>hzbj0037@2x.png</imageName>
		</imageList>
	</bottom>
</animation>