{
    "version": "24",
    "content": {
        "camera_watermark": [
            {
                "id": "Y2FtZXJhLnB1dGFvLmlvXzExOA==",
                "version": "1",
                "category": "推荐",
                "icon": "201505191432021895QU0yliev.png",
                "icon_selected": "201505191432021895PmGQ0E0O.png",
                "totals": 9,
                "attachment_size": "1",
                "watermark_cover": "201505191432021895qGHMqZ6d.jpg",
                "elements": [
                    {
                        "id": "faa9afea49ef2ff029a833cccc778fd0",
                        "sample_image": "201505191432021977ndSTB6Ln.png",
                        "watermark_image": "201505191432021977gqjsecMz.png",
                        "position": "center",
                        "type": "NORMAL",
                        "textElements": []
                    },
                    {
                        "id": "3c7781a36bcd6cf08c11a970fbe0e2a6",
                        "sample_image": "201505191432021992zGYUUPP2.png",
                        "watermark_image": "201505191432021992UrlLL0EU.png",
                        "position": "center",
                        "type": "NORMAL",
                        "textElements": []
                    },
                    {
                        "id": "25b2822c2f5a3230abfadd476e8b04c9",
                        "sample_image": "201505191432022024Ns1NAPNy.png",
                        "watermark_image": "2015051914320220249NFcHIK9.png",
                        "position": "center",
                        "type": "NORMAL",
                        "textElements": []
                    },
                    {
                        "id": "6ecbdd6ec859d284dc13885a37ce8d81",
                        "sample_image": "201505191432022039RZuJb4Wm.png",
                        "watermark_image": "2015051914320220399MMT8MzI.png",
                        "position": "center",
                        "type": "NORMAL",
                        "textElements": []
                    },
                    {
                        "id": "18997733ec258a9fcaf239cc55d53363",
                        "sample_image": "201505191432022053DuO5MxtQ.png",
                        "watermark_image": "2015051914320220538GJtC2qi.png",
                        "position": "center",
                        "type": "NORMAL",
                        "textElements": []
                    },
                    {
                        "id": "8d7d8ee069cb0cbbf816bbb65d56947e",
                        "sample_image": "201505191432022068z1kG7Tvt.png",
                        "watermark_image": "201505191432022068XFm58Mhm.png",
                        "position": "center",
                        "type": "NORMAL",
                        "textElements": []
                    },
                    {
                        "id": "75fc093c0ee742f6dddaa13fff98f104",
                        "sample_image": "201505191432022083t6X9wRdw.png",
                        "watermark_image": "201505191432022083NUJi1b7i.png",
                        "position": "center",
                        "type": "NORMAL",
                        "textElements": []
                    },
                    {
                        "id": "f74909ace68e51891440e4da0b65a70c",
                        "sample_image": "201505191432022101AMO6uiNF.png",
                        "watermark_image": "201505191432022101vRnNPwhC.png",
                        "position": "center",
                        "type": "NORMAL",
                        "textElements": []
                    },
                    {
                        "id": "66368270ffd51418ec58bd793f2d9b1b",
                        "sample_image": "201505191432022116ciuRI6Yb.png",
                        "watermark_image": "201505191432022116h8hM4DPB.png",
                        "position": "center",
                        "type": "NORMAL",
                        "textElements": []
                    }
                ]
            }
        ],
        "photo_watermark": [
            {
                "id": "Y2FtZXJhLnB1dGFvLmlvXzExOA==",
                "version": "1",
                "category": "推荐",
                "icon": "201505191432021895QU0yliev.png",
                "icon_selected": "201505191432021895PmGQ0E0O.png",
                "totals": 9,
                "attachment_size": "1",
                "watermark_cover": "201505191432021895qGHMqZ6d.jpg",
                "elements": [
                    {
                        "id": "faa9afea49ef2ff029a833cccc778fd0",
                        "sample_image": "201505191432021977ndSTB6Ln.png",
                        "watermark_image": "201505191432021977gqjsecMz.png",
                        "position": "center",
                        "type": "NORMAL",
                        "textElements": []
                    },
                    {
                        "id": "3c7781a36bcd6cf08c11a970fbe0e2a6",
                        "sample_image": "201505191432021992zGYUUPP2.png",
                        "watermark_image": "201505191432021992UrlLL0EU.png",
                        "position": "center",
                        "type": "NORMAL",
                        "textElements": []
                    },
                    {
                        "id": "25b2822c2f5a3230abfadd476e8b04c9",
                        "sample_image": "201505191432022024Ns1NAPNy.png",
                        "watermark_image": "2015051914320220249NFcHIK9.png",
                        "position": "center",
                        "type": "NORMAL",
                        "textElements": []
                    },
                    {
                        "id": "6ecbdd6ec859d284dc13885a37ce8d81",
                        "sample_image": "201505191432022039RZuJb4Wm.png",
                        "watermark_image": "2015051914320220399MMT8MzI.png",
                        "position": "center",
                        "type": "NORMAL",
                        "textElements": []
                    },
                    {
                        "id": "18997733ec258a9fcaf239cc55d53363",
                        "sample_image": "201505191432022053DuO5MxtQ.png",
                        "watermark_image": "2015051914320220538GJtC2qi.png",
                        "position": "center",
                        "type": "NORMAL",
                        "textElements": []
                    },
                    {
                        "id": "8d7d8ee069cb0cbbf816bbb65d56947e",
                        "sample_image": "201505191432022068z1kG7Tvt.png",
                        "watermark_image": "201505191432022068XFm58Mhm.png",
                        "position": "center",
                        "type": "NORMAL",
                        "textElements": []
                    },
                    {
                        "id": "75fc093c0ee742f6dddaa13fff98f104",
                        "sample_image": "201505191432022083t6X9wRdw.png",
                        "watermark_image": "201505191432022083NUJi1b7i.png",
                        "position": "center",
                        "type": "NORMAL",
                        "textElements": []
                    },
                    {
                        "id": "f74909ace68e51891440e4da0b65a70c",
                        "sample_image": "201505191432022101AMO6uiNF.png",
                        "watermark_image": "201505191432022101vRnNPwhC.png",
                        "position": "center",
                        "type": "NORMAL",
                        "textElements": []
                    },
                    {
                        "id": "66368270ffd51418ec58bd793f2d9b1b",
                        "sample_image": "201505191432022116ciuRI6Yb.png",
                        "watermark_image": "201505191432022116h8hM4DPB.png",
                        "position": "center",
                        "type": "NORMAL",
                        "textElements": []
                    }
                ]
            },
            {
                "id": "Y2FtZXJhLnB1dGFvLmlvXzExNw==",
                "version": "7",
                "category": "能干的我",
                "icon": "201505181431935183NrfvZgUC.png",
                "icon_selected": "201505181431935183rrSodqFN.png",
                "totals": 7,
                "attachment_size": "562",
                "watermark_cover": "2015051814319351831TP1HYKy.png",
                "elements": [
                    {
                        "id": "8fe0093bb30d6f8c31474bd0764e6ac0",
                        "sample_image": "201505181431935230HjArT3pG.png",
                        "watermark_image": "20150518143193523000VmeKdr.png",
                        "position": "center",
                        "type": "NORMAL",
                        "textElements": []
                    },
                    {
                        "id": "41ae36ecb9b3eee609d05b90c14222fb",
                        "sample_image": "201505181431935243A2rKmeJK.png",
                        "watermark_image": "201505181431935243zF2LiHqd.png",
                        "position": "center",
                        "type": "NORMAL",
                        "textElements": []
                    },
                    {
                        "id": "d1f255a373a3cef72e03aa9d980c7eca",
                        "sample_image": "201505181431935259Pzs2Kh8e.png",
                        "watermark_image": "201505181431935259NFaZbr9o.png",
                        "position": "center",
                        "type": "NORMAL",
                        "textElements": []
                    },
                    {
                        "id": "7eacb532570ff6858afd2723755ff790",
                        "sample_image": "2015051814319352791hNYJ5HM.png",
                        "watermark_image": "201505181431935279MN0RENPX.png",
                        "position": "center",
                        "type": "NORMAL",
                        "textElements": []
                    },
                    {
                        "id": "b6f0479ae87d244975439c6124592772",
                        "sample_image": "201505181431935297Q8zLzH46.png",
                        "watermark_image": "201505181431935297s4FqJGOT.png",
                        "position": "center",
                        "type": "NORMAL",
                        "textElements": []
                    },
                    {
                        "id": "e0c641195b27425bb056ac56f8953d24",
                        "sample_image": "201505181431935312Udpgm7BT.png",
                        "watermark_image": "201505181431935312d2nPO2tB.png",
                        "position": "center",
                        "type": "NORMAL",
                        "textElements": []
                    },
                    {
                        "id": "f85454e8279be180185cac7d243c5eb3",
                        "sample_image": "2015051814319353270hd54zks.png",
                        "watermark_image": "201505181431935327QPlm3bR1.png",
                        "position": "center",
                        "type": "NORMAL",
                        "textElements": []
                    }
                ]
            },
            {
                "id": "Y2FtZXJhLnB1dGFvLmlvXzk1",
                "version": "6",
                "category": "装饰",
                "icon": "201504161429158330QNfdsbIQ.png",
                "icon_selected": "201504161429158330fDwyuFXO.png",
                "totals": 25,
                "attachment_size": "645",
                "watermark_cover": "201504151429083189SdFtSN2U.jpg",
                "elements": [
                    {
                        "id": "e165421110ba03099a1c0393373c5b43",
                        "sample_image": "201504151429085170fzGKn8JB.png",
                        "watermark_image": "201504151429085170qZRRy9o0.png",
                        "position": "center",
                        "type": "NORMAL",
                        "textElements": []
                    },
                    {
                        "id": "289dff07669d7a23de0ef88d2f7129e7",
                        "sample_image": "201504151429085183dZUp2ze9.png",
                        "watermark_image": "201504151429085183V36IowFM.png",
                        "position": "center",
                        "type": "NORMAL",
                        "textElements": []
                    },
                    {
                        "id": "577ef1154f3240ad5b9b413aa7346a1e",
                        "sample_image": "201504151429085198k77zY17d.png",
                        "watermark_image": "201504151429085198qQ0tm3F1.png",
                        "position": "center",
                        "type": "NORMAL",
                        "textElements": []
                    },
                    {
                        "id": "01161aaa0b6d1345dd8fe4e481144d84",
                        "sample_image": "2015041514290852145gMFwngU.png",
                        "watermark_image": "201504151429085214avuNQXIj.png",
                        "position": "center",
                        "type": "NORMAL",
                        "textElements": []
                    },
                    {
                        "id": "539fd53b59e3bb12d203f45a912eeaf2",
                        "sample_image": "2015041514290852272PY1pbvP.png",
                        "watermark_image": "201504151429085227R6lAMKpU.png",
                        "position": "center",
                        "type": "NORMAL",
                        "textElements": []
                    },
                    {
                        "id": "ac1dd209cbcc5e5d1c6e28598e8cbbe8",
                        "sample_image": "201504151429085244ptWbJRib.png",
                        "watermark_image": "201504151429085244EeZA6yqy.png",
                        "position": "center",
                        "type": "NORMAL",
                        "textElements": []
                    },
                    {
                        "id": "555d6702c950ecb729a966504af0a635",
                        "sample_image": "201504211429596540yZvItCBQ.png",
                        "watermark_image": "201504211429596540La1yB9y2.png",
                        "position": "center",
                        "type": "NORMAL",
                        "textElements": []
                    },
                    {
                        "id": "335f5352088d7d9bf74191e006d8e24c",
                        "sample_image": "201504151429085271xtL8oOM6.png",
                        "watermark_image": "201504151429085271okJLcquy.png",
                        "position": "center",
                        "type": "NORMAL",
                        "textElements": []
                    },
                    {
                        "id": "f340f1b1f65b6df5b5e3f94d95b11daf",
                        "sample_image": "201504151429085284pwn1OwQK.png",
                        "watermark_image": "201504151429085284vSI7qR7Y.png",
                        "position": "center",
                        "type": "NORMAL",
                        "textElements": []
                    },
                    {
                        "id": "e4a6222cdb5b34375400904f03d8e6a5",
                        "sample_image": "201504151429085342Mhwdi3c0.png",
                        "watermark_image": "201504151429085342R8aHyDqD.png",
                        "position": "center",
                        "type": "NORMAL",
                        "textElements": []
                    },
                    {
                        "id": "cb70ab375662576bd1ac5aaf16b3fca4",
                        "sample_image": "2015041514290853683DP14i4o.png",
                        "watermark_image": "201504151429085368GrV8r1hu.png",
                        "position": "center",
                        "type": "NORMAL",
                        "textElements": []
                    },
                    {
                        "id": "9188905e74c28e489b44e954ec0b9bca",
                        "sample_image": "201504151429085383peDvcfCk.png",
                        "watermark_image": "2015041514290853838jC86Gjh.png",
                        "position": "center",
                        "type": "NORMAL",
                        "textElements": []
                    },
                    {
                        "id": "0266e33d3f546cb5436a10798e657d97",
                        "sample_image": "201504151429085406XWJk19qV.png",
                        "watermark_image": "2015041514290854063s7PbrBE.png",
                        "position": "center",
                        "type": "NORMAL",
                        "textElements": []
                    },
                    {
                        "id": "38db3aed920cf82ab059bfccbd02be6a",
                        "sample_image": "201504151429085422GezWcOpZ.png",
                        "watermark_image": "201504151429085422R4sEoayl.png",
                        "position": "center",
                        "type": "NORMAL",
                        "textElements": []
                    },
                    {
                        "id": "3cec07e9ba5f5bb252d13f5f431e4bbb",
                        "sample_image": "201504151429085473Pu9ZEPq8.png",
                        "watermark_image": "201504151429085473HiuYmCUC.png",
                        "position": "center",
                        "type": "NORMAL",
                        "textElements": []
                    },
                    {
                        "id": "621bf66ddb7c962aa0d22ac97d69b793",
                        "sample_image": "201504151429085551TiD4nt68.png",
                        "watermark_image": "201504151429085551V6HD46sY.png",
                        "position": "center",
                        "type": "NORMAL",
                        "textElements": []
                    },
                    {
                        "id": "077e29b11be80ab57e1a2ecabb7da330",
                        "sample_image": "201504151429085564umKdlxv2.png",
                        "watermark_image": "20150415142908556400ldTlsD.png",
                        "position": "center",
                        "type": "NORMAL",
                        "textElements": []
                    },
                    {
                        "id": "6c9882bbac1c7093bd25041881277658",
                        "sample_image": "201504151429085579vvl3M1dS.png",
                        "watermark_image": "201504151429085579iXPuYOly.png",
                        "position": "center",
                        "type": "NORMAL",
                        "textElements": []
                    },
                    {
                        "id": "19f3cd308f1455b3fa09a282e0d496f4",
                        "sample_image": "201504151429085594qgTUIao3.png",
                        "watermark_image": "201504151429085594Lfgka55Y.png",
                        "position": "center",
                        "type": "NORMAL",
                        "textElements": []
                    },
                    {
                        "id": "9be40cee5b0eee1462c82c6964087ff9",
                        "sample_image": "201504171429267597lo0X7Hel.png",
                        "watermark_image": "201504171429267597ERR87Nrc.png",
                        "position": "center",
                        "type": "NORMAL",
                        "textElements": []
                    },
                    {
                        "id": "5ef698cd9fe650923ea331c15af3b160",
                        "sample_image": "201504171429267618zh5LyAwI.png",
                        "watermark_image": "201504171429267618Bkd8vp0I.png",
                        "position": "center",
                        "type": "NORMAL",
                        "textElements": []
                    },
                    {
                        "id": "05049e90fa4f5039a8cadc6acbb4b2cc",
                        "sample_image": "201504171429267630cjPKQI4L.png",
                        "watermark_image": "201504171429267630o2Ardmdo.png",
                        "position": "center",
                        "type": "NORMAL",
                        "textElements": []
                    },
                    {
                        "id": "cf004fdc76fa1a4f25f62e0eb5261ca3",
                        "sample_image": "2015041714292676439TJSTiQj.png",
                        "watermark_image": "201504171429267643y2MBUcoW.png",
                        "position": "center",
                        "type": "NORMAL",
                        "textElements": []
                    },
                    {
                        "id": "70c639df5e30bdee440e4cdf599fec2b",
                        "sample_image": "2015042114295966829GOkR6Tp.png",
                        "watermark_image": "201504211429596682h94HUMyz.png",
                        "position": "center",
                        "type": "NORMAL",
                        "textElements": []
                    },
                    {
                        "id": "28f0b864598a1291557bed248a998d4e",
                        "sample_image": "201504211429596763Wo5bpnCc.png",
                        "watermark_image": "201504211429596763N8XWqH76.png",
                        "position": "center",
                        "type": "NORMAL",
                        "textElements": []
                    }
                ]
            },
            {
                "id": "Y2FtZXJhLnB1dGFvLmlvXzk3",
                "version": "7",
                "category": "表情",
                "icon": "201504161429158410naXdwdvD.png",
                "icon_selected": "201504161429158410UDLMRPHi.png",
                "totals": 14,
                "attachment_size": "738",
                "watermark_cover": "201504151429084285Tt7zHxPV.jpg",
                "elements": [
                    {
                        "id": "502e4a16930e414107ee22b6198c578f",
                        "sample_image": "201504211429595976HXxmdTcZ.png",
                        "watermark_image": "201504211429595976yLPd83kO.png",
                        "position": "center",
                        "type": "NORMAL",
                        "textElements": []
                    },
                    {
                        "id": "cfa0860e83a4c3a763a7e62d825349f7",
                        "sample_image": "201504211429595992FPUMb77n.png",
                        "watermark_image": "201504211429595992w21b909t.png",
                        "position": "center",
                        "type": "NORMAL",
                        "textElements": []
                    },
                    {
                        "id": "a4f23670e1833f3fdb077ca70bbd5d66",
                        "sample_image": "201504211429596008QyW6IohP.png",
                        "watermark_image": "201504211429596008sDNQSyVQ.png",
                        "position": "center",
                        "type": "NORMAL",
                        "textElements": []
                    },
                    {
                        "id": "b1a59b315fc9a3002ce38bbe070ec3f5",
                        "sample_image": "201504211429596046KzeF74Ei.png",
                        "watermark_image": "201504211429596046O1ccrB4S.png",
                        "position": "center",
                        "type": "NORMAL",
                        "textElements": []
                    },
                    {
                        "id": "36660e59856b4de58a219bcf4e27eba3",
                        "sample_image": "201504211429596060JLinHSQS.png",
                        "watermark_image": "2015042114295960605V2RmylR.png",
                        "position": "center",
                        "type": "NORMAL",
                        "textElements": []
                    },
                    {
                        "id": "8c19f571e251e61cb8dd3612f26d5ecf",
                        "sample_image": "201504151429086003MDvMwBUL.png",
                        "watermark_image": "201504151429086003RJhr5gQ6.png",
                        "position": "center",
                        "type": "NORMAL",
                        "textElements": []
                    },
                    {
                        "id": "d6baf65e0b240ce177cf70da146c8dc8",
                        "sample_image": "201504151429086017MFkAKZbO.png",
                        "watermark_image": "201504151429086017HhgiOhzH.png",
                        "position": "center",
                        "type": "NORMAL",
                        "textElements": []
                    },
                    {
                        "id": "e56954b4f6347e897f954495eab16a88",
                        "sample_image": "201504151429086030GHxxgl1z.png",
                        "watermark_image": "201504151429086030e9Z7Zll2.png",
                        "position": "center",
                        "type": "NORMAL",
                        "textElements": []
                    },
                    {
                        "id": "f7664060cc52bc6f3d620bcedc94a4b6",
                        "sample_image": "201504151429086062QXAZlB0K.png",
                        "watermark_image": "201504151429086062jXBY1byy.png",
                        "position": "center",
                        "type": "NORMAL",
                        "textElements": []
                    },
                    {
                        "id": "eda80a3d5b344bc40f3bc04f65b7a357",
                        "sample_image": "2015041514290860747XHPfWBB.png",
                        "watermark_image": "201504151429086074JSUzFebG.png",
                        "position": "center",
                        "type": "NORMAL",
                        "textElements": []
                    },
                    {
                        "id": "0c74b7f78409a4022a2c4c5a5ca3ee19",
                        "sample_image": "201504171429267794oShR5ERR.png",
                        "watermark_image": "201504171429267794yEh9bPv6.png",
                        "position": "center",
                        "type": "NORMAL",
                        "textElements": []
                    },
                    {
                        "id": "d709f38ef758b5066ef31b18039b8ce5",
                        "sample_image": "201504171429267808tlqeGy0i.png",
                        "watermark_image": "201504171429267808jnf5uO3h.png",
                        "position": "center",
                        "type": "NORMAL",
                        "textElements": []
                    },
                    {
                        "id": "41f1f19176d383480afa65d325c06ed0",
                        "sample_image": "201504171429267849q9kdIHTT.png",
                        "watermark_image": "2015041714292678492dn4Fm39.png",
                        "position": "center",
                        "type": "NORMAL",
                        "textElements": []
                    },
                    {
                        "id": "24b16fede9a67c9251d3e7c7161c83ac",
                        "sample_image": "2015041714292678830nPNsJRH.png",
                        "watermark_image": "201504171429267883FqWunI4U.png",
                        "position": "center",
                        "type": "NORMAL",
                        "textElements": []
                    }
                ]
            },
            {
                "id": "Y2FtZXJhLnB1dGFvLmlvXzExMw==",
                "version": "3",
                "category": "文字",
                "icon": "2015041714292732323V1EFklL.png",
                "icon_selected": "201504171429273232FsyIrtU0.png",
                "totals": 11,
                "attachment_size": "493",
                "watermark_cover": "201504171429273232ixfxZ2if.png",
                "elements": [
                    {
                        "id": "ffd52f3c7e12435a724a8f30fddadd9c",
                        "sample_image": "201504211429595025jooODnN1.png",
                        "watermark_image": "201504211429595025C1JAp22e.png",
                        "position": "center",
                        "type": "NORMAL",
                        "textElements": []
                    },
                    {
                        "id": "ad972f10e0800b49d76fed33a21f6698",
                        "sample_image": "201504211429595046N6ba8XOm.png",
                        "watermark_image": "201504211429595046qXeposF2.png",
                        "position": "center",
                        "type": "NORMAL",
                        "textElements": []
                    },
                    {
                        "id": "d34ab169b70c9dcd35e62896010cd9ff",
                        "sample_image": "201504211429595072JLOQJA7P.png",
                        "watermark_image": "201504211429595072VHNYLpeJ.png",
                        "position": "center",
                        "type": "NORMAL",
                        "textElements": []
                    },
                    {
                        "id": "8bf1211fd4b7b94528899de0a43b9fb3",
                        "sample_image": "201504211429595148LBBntTlP.png",
                        "watermark_image": "201504211429595148f08grgPD.png",
                        "position": "center",
                        "type": "NORMAL",
                        "textElements": []
                    },
                    {
                        "id": "a02ffd91ece5e7efeb46db8f10a74059",
                        "sample_image": "201504211429595169a9ai0lbm.png",
                        "watermark_image": "201504211429595169Kc3R7D3d.png",
                        "position": "center",
                        "type": "NORMAL",
                        "textElements": []
                    },
                    {
                        "id": "bca82e41ee7b0833588399b1fcd177c7",
                        "sample_image": "201504211429595203YoUC6ZJ5.png",
                        "watermark_image": "201504211429595203072UT9YC.png",
                        "position": "center",
                        "type": "NORMAL",
                        "textElements": []
                    },
                    {
                        "id": "00ec53c4682d36f5c4359f4ae7bd7ba1",
                        "sample_image": "201504211429595222e4V6y4Jl.png",
                        "watermark_image": "201504211429595222jB0oB1SN.png",
                        "position": "center",
                        "type": "NORMAL",
                        "textElements": []
                    },
                    {
                        "id": "c86a7ee3d8ef0b551ed58e354a836f2b",
                        "sample_image": "201504211429595557pP33VHBE.png",
                        "watermark_image": "201504211429595557QvOulZdp.png",
                        "position": "center",
                        "type": "NORMAL",
                        "textElements": []
                    },
                    {
                        "id": "a01a0380ca3c61428c26a231f0e49a09",
                        "sample_image": "201504211429595570KNwRkPUg.png",
                        "watermark_image": "201504211429595570TREotqBf.png",
                        "position": "center",
                        "type": "NORMAL",
                        "textElements": []
                    },
                    {
                        "id": "5a4b25aaed25c2ee1b74de72dc03c14e",
                        "sample_image": "201504211429595584iP04hujc.png",
                        "watermark_image": "201504211429595584hMj33xo8.png",
                        "position": "center",
                        "type": "NORMAL",
                        "textElements": []
                    },
                    {
                        "id": "f73b76ce8949fe29bf2a537cfa420e8f",
                        "sample_image": "201504211429595701oXbxDZtn.png",
                        "watermark_image": "201504211429595701ccwbHWKt.png",
                        "position": "center",
                        "type": "NORMAL",
                        "textElements": []
                    }
                ]
            }
        ]
    }
}