<animation>
	<eye>
		<width>300</width>
		<height>400</height>
		<distance>96</distance>
		<centerX>146</centerX>
		<centerY>168</centerY>
		<duration>0.08</duration>
		<imageList>
			<imageName>cns0001@2x.png</imageName>
			<imageName>cns0002@2x.png</imageName>
			<imageName>cns0003@2x.png</imageName>
			<imageName>cns0004@2x.png</imageName>
			<imageName>cns0005@2x.png</imageName>
			<imageName>cns0006@2x.png</imageName>
			<imageName>cns0007@2x.png</imageName>
			<imageName>cns0008@2x.png</imageName>
			<imageName>cns0009@2x.png</imageName>
			<imageName>cns0010@2x.png</imageName>
			<imageName>cns0011@2x.png</imageName>
			<imageName>cns0012@2x.png</imageName>
			<imageName>cns0013@2x.png</imageName>
			<imageName>cns0014@2x.png</imageName>
			<imageName>cns0015@2x.png</imageName>
			<imageName>cns0016@2x.png</imageName>
			<imageName>cns0017@2x.png</imageName>
			<imageName>cns0018@2x.png</imageName>
			<imageName>cns0019@2x.png</imageName>
			<imageName>cns0020@2x.png</imageName>
			<imageName>cns0021@2x.png</imageName>
			<imageName>cns0022@2x.png</imageName>
			<imageName>cns0023@2x.png</imageName>
			<imageName>cns0024@2x.png</imageName>
			<imageName>cns0025@2x.png</imageName>
			<imageName>cns0026@2x.png</imageName>
			<imageName>cns0027@2x.png</imageName>
			<imageName>cns0028@2x.png</imageName>
			<imageName>cns0029@2x.png</imageName>
			<imageName>cns0030@2x.png</imageName>
			<imageName>cns0031@2x.png</imageName>
			<imageName>cns0032@2x.png</imageName>
			<imageName>cns0033@2x.png</imageName>
			<imageName>cns0034@2x.png</imageName>
			<imageName>cns0035@2x.png</imageName>
			<imageName>cns0036@2x.png</imageName>
			<imageName>cns0037@2x.png</imageName>
		</imageList>
	</eye>	
	<mouth>
		<width>300</width>
		<height>400</height>
		<distance>96</distance>
		<centerX>145</centerX>
		<centerY>350</centerY>
		<duration>0.08</duration>
		<imageList>
			<imageName>cnx0001@2x.png</imageName>
			<imageName>cnx0002@2x.png</imageName>
			<imageName>cnx0003@2x.png</imageName>
			<imageName>cnx0004@2x.png</imageName>
			<imageName>cnx0005@2x.png</imageName>
			<imageName>cnx0006@2x.png</imageName>
			<imageName>cnx0007@2x.png</imageName>
			<imageName>cnx0008@2x.png</imageName>
			<imageName>cnx0009@2x.png</imageName>
			<imageName>cnx0010@2x.png</imageName>
			<imageName>cnx0011@2x.png</imageName>
			<imageName>cnx0012@2x.png</imageName>
			<imageName>cnx0013@2x.png</imageName>
			<imageName>cnx0014@2x.png</imageName>
			<imageName>cnx0015@2x.png</imageName>
			<imageName>cnx0016@2x.png</imageName>
			<imageName>cnx0017@2x.png</imageName>
			<imageName>cnx0018@2x.png</imageName>
			<imageName>cnx0019@2x.png</imageName>
			<imageName>cnx0020@2x.png</imageName>
			<imageName>cnx0021@2x.png</imageName>
			<imageName>cnx0022@2x.png</imageName>
			<imageName>cnx0023@2x.png</imageName>
			<imageName>cnx0024@2x.png</imageName>
			<imageName>cnx0025@2x.png</imageName>
			<imageName>cnx0026@2x.png</imageName>
			<imageName>cnx0027@2x.png</imageName>
			<imageName>cnx0028@2x.png</imageName>
			<imageName>cnx0029@2x.png</imageName>
			<imageName>cnx0030@2x.png</imageName>
			<imageName>cnx0031@2x.png</imageName>
			<imageName>cnx0032@2x.png</imageName>
			<imageName>cnx0033@2x.png</imageName>
			<imageName>cnx0034@2x.png</imageName>
			<imageName>cnx0035@2x.png</imageName>
			<imageName>cnx0036@2x.png</imageName>
			<imageName>cnx0037@2x.png</imageName>
		</imageList>
	</mouth>	
	<bottom>
		<width>300</width>
		<height>400</height>
		<duration>0.08</duration>
		<imageList>
			<imageName>cnbj0001@2x.png</imageName>
			<imageName>cnbj0002@2x.png</imageName>
			<imageName>cnbj0003@2x.png</imageName>
			<imageName>cnbj0004@2x.png</imageName>
			<imageName>cnbj0005@2x.png</imageName>
			<imageName>cnbj0006@2x.png</imageName>
			<imageName>cnbj0007@2x.png</imageName>
			<imageName>cnbj0008@2x.png</imageName>
			<imageName>cnbj0009@2x.png</imageName>
			<imageName>cnbj0010@2x.png</imageName>
			<imageName>cnbj0011@2x.png</imageName>
			<imageName>cnbj0012@2x.png</imageName>
			<imageName>cnbj0013@2x.png</imageName>
			<imageName>cnbj0014@2x.png</imageName>
			<imageName>cnbj0015@2x.png</imageName>
			<imageName>cnbj0016@2x.png</imageName>
			<imageName>cnbj0017@2x.png</imageName>
			<imageName>cnbj0018@2x.png</imageName>
			<imageName>cnbj0019@2x.png</imageName>
			<imageName>cnbj0020@2x.png</imageName>
			<imageName>cnbj0021@2x.png</imageName>
			<imageName>cnbj0022@2x.png</imageName>
			<imageName>cnbj0023@2x.png</imageName>
			<imageName>cnbj0024@2x.png</imageName>
			<imageName>cnbj0025@2x.png</imageName>
			<imageName>cnbj0026@2x.png</imageName>
			<imageName>cnbj0027@2x.png</imageName>
			<imageName>cnbj0028@2x.png</imageName>
			<imageName>cnbj0029@2x.png</imageName>
			<imageName>cnbj0030@2x.png</imageName>
			<imageName>cnbj0031@2x.png</imageName>
			<imageName>cnbj0032@2x.png</imageName>
			<imageName>cnbj0033@2x.png</imageName>
			<imageName>cnbj0034@2x.png</imageName>
			<imageName>cnbj0035@2x.png</imageName>
			<imageName>cnbj0036@2x.png</imageName>
			<imageName>cnbj0037@2x.png</imageName>
		</imageList>
	</bottom>
</animation>