<animation>
	<mouth>
		<width>503</width>
		<height>235</height>
		<distance>200</distance>
		<centerX>251</centerX>
		<centerY>264</centerY>
		<duration>0.08</duration>
		<imageList>
			<imageName>xhx0001@2x.png</imageName>
			<imageName>xhx0002@2x.png</imageName>
			<imageName>xhx0003@2x.png</imageName>
			<imageName>xhx0004@2x.png</imageName>
			<imageName>xhx0005@2x.png</imageName>
			<imageName>xhx0006@2x.png</imageName>
			<imageName>xhx0007@2x.png</imageName>
			<imageName>xhx0008@2x.png</imageName>
			<imageName>xhx0009@2x.png</imageName>
			<imageName>xhx0010@2x.png</imageName>
			<imageName>xhx0011@2x.png</imageName>
			<imageName>xhx0012@2x.png</imageName>
			<imageName>xhx0013@2x.png</imageName>
			<imageName>xhx0014@2x.png</imageName>
			<imageName>xhx0015@2x.png</imageName>
			<imageName>xhx0016@2x.png</imageName>
			<imageName>xhx0017@2x.png</imageName>
			<imageName>xhx0018@2x.png</imageName>
			<imageName>xhx0019@2x.png</imageName>
			<imageName>xhx0020@2x.png</imageName>
			<imageName>xhx0021@2x.png</imageName>
			<imageName>xhx0022@2x.png</imageName>
			<imageName>xhx0023@2x.png</imageName>
			<imageName>xhx0024@2x.png</imageName>
			<imageName>xhx0025@2x.png</imageName>
			<imageName>xhx0026@2x.png</imageName>
			<imageName>xhx0027@2x.png</imageName>
			<imageName>xhx0028@2x.png</imageName>
			<imageName>xhx0029@2x.png</imageName>
			<imageName>xhx0030@2x.png</imageName>
			<imageName>xhx0031@2x.png</imageName>
			<imageName>xhx0032@2x.png</imageName>
			<imageName>xhx0033@2x.png</imageName>
			<imageName>xhx0034@2x.png</imageName>
			<imageName>xhx0035@2x.png</imageName>
			<imageName>xhx0036@2x.png</imageName>
			<imageName>xhx0037@2x.png</imageName>
		</imageList>
	</mouth>
</animation>