<animation>
	<mouth>
		<width>503</width>
		<height>235</height>
		<distance>200</distance>
		<centerX>251</centerX>
		<centerY>264</centerY>
		<duration>0.08</duration>
		<imageList>
			<imageName>xhx0001.png</imageName>
			<imageName>xhx0002.png</imageName>
			<imageName>xhx0003.png</imageName>
			<imageName>xhx0004.png</imageName>
			<imageName>xhx0005.png</imageName>
			<imageName>xhx0006.png</imageName>
			<imageName>xhx0007.png</imageName>
			<imageName>xhx0008.png</imageName>
			<imageName>xhx0009.png</imageName>
			<imageName>xhx0010.png</imageName>
			<imageName>xhx0011.png</imageName>
			<imageName>xhx0012.png</imageName>
			<imageName>xhx0013.png</imageName>
			<imageName>xhx0014.png</imageName>
			<imageName>xhx0015.png</imageName>
			<imageName>xhx0016.png</imageName>
			<imageName>xhx0017.png</imageName>
			<imageName>xhx0018.png</imageName>
			<imageName>xhx0019.png</imageName>
			<imageName>xhx0020.png</imageName>
			<imageName>xhx0021.png</imageName>
			<imageName>xhx0022.png</imageName>
			<imageName>xhx0023.png</imageName>
			<imageName>xhx0024.png</imageName>
			<imageName>xhx0025.png</imageName>
			<imageName>xhx0026.png</imageName>
			<imageName>xhx0027.png</imageName>
			<imageName>xhx0028.png</imageName>
			<imageName>xhx0029.png</imageName>
			<imageName>xhx0030.png</imageName>
			<imageName>xhx0031.png</imageName>
			<imageName>xhx0032.png</imageName>
			<imageName>xhx0033.png</imageName>
			<imageName>xhx0034.png</imageName>
			<imageName>xhx0035.png</imageName>
			<imageName>xhx0036.png</imageName>
			<imageName>xhx0037.png</imageName>
		</imageList>
	</mouth>
</animation>